---
date-dec: Dec
date-december: Decembro
date-february: Febreiro
date-fr: Ve
date-fri: Ven
date-friday: Venres
date-jan: Xan
date-january: Xaneiro
date-jul: Xul
date-july: Xullo
date-jun: Xuñ
date-june: Xuño
date-may: Maio
date-mo: Lu
date-monday: Luns
date-november: Novembro
date-oct: Out
date-october: Outubro
date-sa: Sá
date-sep: Set
date-september: Setembro
date-su: Do
date-th: Xo
date-thu: Xov
date-thursday: Xoves
date-today: Hoxe
date-tu: Ma
date-we: Mé
date-wed: Mér
date-wednesday: Mércores
